,Name,Domestic Total Gross,Distributor,Genre,MPAA Rating,Release Date,Runtime,Production Budget,Director,Producer,Actor
0,Shrek 2,"$441,226,247",DreamWorks,Animation,PG,"May 19, 2004",1 hrs. 33 min.,$150 million,"Andrew Adamson,Kelly Asbury,Conrad Vernon",Jeffrey Katzenberg,"Mike Myers,Cameron Diaz,Eddie Murphy,Antonio Banderas"
1,Spider-Man 2,"$373,585,825",Sony / Columbia,Action / Adventure,PG-13,"June 30, 2004",2 hrs. 7 min.,$200 million,Sam Raimi,"Kevin Feige,Stan Lee,Laura Ziskin,Avi Arad","Tobey Maguire,Kirsten Dunst,James Franco,Alfred Molina"
2,The Passion of the Christ,"$370,274,604Domestic Lifetime Gross $370,782,930",Newmarket,Historical Drama,R,"February 25, 2004",2 hrs. 6 min.,$30 million,Mel Gibson,N/A,"Monica Bellucci,James Caviezel"
3,Meet the Fockers,"$279,261,160",Universal,Comedy,PG-13,"December 22, 2004",1 hrs. 54 min.,$80 million,Jay Roach,N/A,"Robert DeNiro,Ben Stiller,Dustin Hoffman,Barbra Streisand"
4,The Incredibles,"$261,441,092",Buena Vista,Animation,PG,"November 5, 2004",1 hrs. 55 min.,$92 million,Brad Bird,John Lasseter,"Craig T. Nelson,Holly Hunter,Samuel L. Jackson"
5,Harry Potter and the Prisoner of Azkaban,"$249,541,069",Warner Bros.,Fantasy,PG,"June 4, 2004",2 hrs. 22 min.,$130 million,Alfonso Cuaron,"Chris Columbus,David Heyman","Daniel Radcliffe,Emma Watson,Rupert Grint,Gary Oldman"
6,The Day After Tomorrow,"$186,740,799",Fox,Action Drama,PG-13,"May 28, 2004",2 hrs. 4 min.,$125 million,Roland Emmerich,Mark Gordon,"Ian Holm,Dennis Quaid,Jake Gyllenhaal,Emmy Rossum"
7,The Bourne Supremacy,"$176,241,941",Universal,Action Thriller,PG-13,"July 23, 2004",1 hrs. 48 min.,$75 million,Paul Greengrass,"Patrick Crowley,Doug Liman,Frank Marshall","Matt Damon,Franka Potente,Brian Cox,Julia Stiles,Karl Urban,Joan Allen"
8,National Treasure,"$173,008,894",Buena Vista,Adventure,PG,"November 19, 2004",2 hrs. 11 min.,$100 million,Jon Turteltaub,Jerry Bruckheimer,"Nicolas Cage,Justin Bartha,Sean Bean,Jon Voight,Christopher Plummer"
9,The Polar Express,"$162,775,358Domestic Lifetime Gross $186,493,472",Warner Bros.,Animation,G,"November 10, 2004",1 hrs. 40 min.,$165 million,Robert Zemeckis,"Gary Goetzman,Tom Hanks",Tom Hanks
10,Shark Tale,"$160,861,908",DreamWorks,Animation,PG,"October 1, 2004",1 hrs. 30 min.,$75 million,"Vicky Jenson,Rob Letterman","Janet Healy,Jeffrey Katzenberg,Allison Lyon Segan","Will Smith,Angelina Jolie,Renee Zellweger,Jack Black,Robert DeNiro"
11,"I, Robot","$144,801,023",Fox,Sci-Fi Thriller,PG-13,"July 16, 2004",1 hrs. 45 min.,$120 million,Alex Proyas,"John Davis,Wyck Godfrey,James Lassiter,Laurence Mark,Will Smith","Will Smith,Bridget Moynahan,Alan Tudyk,Shia LaBeouf"
12,Troy,"$133,378,256",Warner Bros.,Historical Epic,R,"May 14, 2004",2 hrs. 43 min.,$175 million,Wolfgang Petersen,Colin Wilson,"Brad Pitt,Eric Bana,Orlando Bloom,Brian Cox,Sean Bean,Brendan Gleeson,Rose Byrne"
13,Ocean's Twelve,"$125,544,280",Warner Bros.,Crime Comedy,PG-13,"December 10, 2004",2 hrs. 4 min.,$110 million,Steven Soderbergh,N/A,"George Clooney,Brad Pitt,Matt Damon,Catherine Zeta-Jones,Don Cheadle,Bernie Mac,Julia Roberts,Casey Affleck"
14,50 First Dates,"$120,908,074",Sony / Columbia,Romantic Comedy,PG-13,"February 13, 2004",1 hrs. 36 min.,$75 million,Peter Segal,"Jack Giarraputo,Steve Golin,Daniel Lupi","Adam Sandler,Drew Barrymore,Rob Schneider"
15,Van Helsing,"$120,177,084",Universal,Period Horror,PG-13,"May 7, 2004",2 hrs. 10 min.,$160 million,Stephen Sommers,"Sam Mercer,Stephen Sommers","Hugh Jackman,Kate Beckinsale"
16,Fahrenheit 9/11,"$119,194,771",Lions Gate,Documentary,R,"June 23, 2004",1 hrs. 56 min.,$6 million,Michael Moore,N/A,N/A
17,Lemony Snicket's A Series of Unfortunate Events,"$118,634,549",Paramount,Family Adventure,PG,"December 17, 2004",1 hrs. 53 min.,$140 million,Brad Silberling,"Scott Aversano,Scott Rudin,Barry Sonnenfeld,Jim Van Wyck","Jim Carrey,Meryl Streep,Emily Browning,Jude Law"
18,DodgeBall: A True Underdog Story,"$114,326,736",Fox,Sports Comedy,PG-13,"June 18, 2004",1 hrs. 37 min.,$20 million,Rawson Marshall Thurber,Ben Stiller,"Vince Vaughn,Ben Stiller,Christine Taylor,Justin Long,Joel David Moore"
19,The Village,"$114,197,520",Buena Vista,Period Horror,PG-13,"July 30, 2004",1 hrs. 48 min.,$60 million,M. Night Shyamalan,"Sam Mercer,Scott Rudin,M. Night Shyamalan","Joaquin Phoenix,Bryce Dallas Howard,Adrien Brody,Sigourney Weaver,Brendan Gleeson,Jesse Eisenberg"
20,The Grudge,"$110,359,362",Sony / Columbia,Horror,PG-13,"October 22, 2004",1 hrs. 36 min.,$10 million,N/A,"Doug Davison,Roy Lee,Sam Raimi",Sarah Michelle Gellar
21,The Aviator,"$102,610,330",Miramax,Period Drama,PG-13,"December 17, 2004",2 hrs. 48 min.,$110 million,Martin Scorsese,"Leonardo DiCaprio,Graham King,Michael Mann","Leonardo DiCaprio,Cate Blanchett,Kate Beckinsale,Alec Baldwin,Alan Alda"
22,Collateral,"$101,005,703",DreamWorks,Crime,R,"August 6, 2004",2 hrs. 5 min.,$65 million,Michael Mann,"Frank Darabont,Michael Mann","Tom Cruise,Jamie Foxx,Jada Pinkett-Smith,Mark Ruffalo,Peter Berg"
23,Million Dollar Baby,"$100,492,203",Warner Bros.,Sports Drama,PG-13,"December 15, 2004",2 hrs. 17 min.,$30 million,Clint Eastwood,"Clint Eastwood,Paul Haggis,Robert Lorenz,Gary Lucchesi,Tom Rosenberg","Clint Eastwood,Hilary Swank,Morgan Freeman,Jay Baruchel"
24,The Princess Diaries 2: Royal Engagement,"$95,170,481",Buena Vista,Family Comedy,G,"August 11, 2004",1 hrs. 53 min.,$40 million,Garry Marshall,"Debra Martin Chase,Whitney Houston,Mario Iscovich","Anne Hathaway,Julie Andrews,Abigail Breslin,Chris Pine,Raven-Symone"
25,Starsky and Hutch,"$88,237,754",Warner Bros.,Action Comedy,PG-13,"March 5, 2004",1 hrs. 37 min.,$60 million,Todd Phillips,"Gilbert Adler,Scott Budnick,Akiva Goldsman,Ben Stiller","Jason Bateman,Ben Stiller,Owen Wilson,Vince Vaughn,Snoop Dogg"
26,Along Came Polly,"$88,097,164",Universal,Romantic Comedy,PG-13,"January 16, 2004",1 hrs. 30 min.,$42 million,N/A,"Michael Shamberg,Stacey Sher","Ben Stiller,Jennifer Aniston,Philip Seymour Hoffman,Alec Baldwin"
27,Mean Girls,"$86,058,055",Paramount,Comedy,PG-13,"April 30, 2004",1 hrs. 37 min.,$17 million,Mark S. Waters,Lorne Michaels,"Tina Fey,Lindsay Lohan,Rachel McAdams,Amanda Seyfried"
28,The SpongeBob SquarePants Movie,"$85,417,988",Paramount,Animation,PG,"November 19, 2004",1 hrs. 30 min.,$30 million,N/A,N/A,N/A
29,Anchorman: The Legend of Ron Burgundy,"$85,288,303",DreamWorks,Comedy,PG-13,"July 9, 2004",1 hrs. 31 min.,$26 million,Adam McKay,"Judd Apatow,Shauna Robertson,David O. Russell","Will Ferrell,Christina Applegate,Paul Rudd,Steve Carell"
30,Scooby-Doo 2: Monsters Unleashed,"$84,216,833",Warner Bros.,Family Adventure,PG,"March 26, 2004",1 hrs. 27 min.,N/A,Raja Gosnell,Charles Roven,"Sarah Michelle Gellar,Freddie Prinze, Jr.,Matthew Lillard,Seth Green,Alicia Silverstone"
31,The Notebook,"$81,001,787",New Line,Romance,PG-13,"June 25, 2004",2 hrs. 4 min.,$29 million,Nick Cassavetes,Mark Johnson,"Ryan Gosling,Rachel McAdams,James Garner,Gena Rowlands,Joan Allen,James Marsden"
32,Alien Vs. Predator,"$80,282,231",Fox,Sci-Fi Horror,PG-13,"August 13, 2004",1 hrs. 27 min.,$60 million,Paul W.S. Anderson,"Gordon Carroll,John Davis,David Giler,Wyck Godfrey,Thomas M. Hammel,Walter Hill","Ewen Bremner,Sanaa Lathan,Lance Henriksen"
33,Man on Fire,"$77,911,774",Fox,Action Drama,R,"April 21, 2004",2 hrs. 26 min.,$70 million,Tony Scott,"Arnon Milchan,Tony Scott","Denzel Washington,Dakota Fanning,Radha Mitchell,Christopher Walken"
34,The Terminal,"$77,872,883",DreamWorks,Comedy / Drama,PG-13,"June 18, 2004",2 hrs. 8 min.,$60 million,Steven Spielberg,"Jason Hoffs,Steven Spielberg,Patricia Whitcher","Tom Hanks,Catherine Zeta-Jones,Stanley Tucci"
35,Garfield: The Movie,"$75,369,589",Fox,Family Comedy,PG,"June 11, 2004",1 hrs. 25 min.,$50 million,Peter Hewitt,John Davis,"Bill Murray,Breckin Meyer,Jennifer Love Hewitt"
36,Ray,"$75,331,600",Universal,Music Drama,PG-13,"October 29, 2004",2 hrs. 32 min.,$40 million,Taylor Hackford,Taylor Hackford,Jamie Foxx
37,Ladder 49,"$74,541,707",Buena Vista,Action Drama,PG-13,"October 1, 2004",1 hrs. 55 min.,N/A,Jay Russell,Casey Silver,"Joaquin Phoenix,John Travolta,Billy Burke"
38,Christmas with the Kranks,"$73,780,539",Sony (Revolution),Family Comedy,PG,"November 24, 2004",1 hrs. 34 min.,$60 million,Joe Roth,Chris Columbus,"Tim Allen,Jamie Lee Curtis"
39,Sideways,"$71,503,593",Fox Searchlight,Comedy,R,"October 22, 2004",2 hrs. 3 min.,$16 million,Alexander Payne,Michael London,"Paul Giamatti,Thomas Haden Church,Virginia Madsen"
40,White Chicks,"$70,831,760",Sony / Columbia,Comedy,PG-13,"June 23, 2004",1 hrs. 49 min.,$37 million,Keenen Ivory Wayans,"Rick Alvarez,Lee R. Mayes","Marlon Wayans,Shawn Wayans"
41,Hidalgo,"$67,303,450",Buena Vista,Period Adventure,PG-13,"March 5, 2004",2 hrs. 16 min.,$100 million,Joe Johnston,Casey Silver,Viggo Mortensen
42,The Forgotten,"$67,133,509",Sony (Revolution),Sci-Fi Thriller,PG-13,"September 24, 2004",1 hrs. 29 min.,$42 million,Joseph Ruben,Joe Roth,Julianne Moore
43,Kill Bill Vol. 2,"$66,208,183",Miramax,Action,R,"April 16, 2004",2 hrs. 0 min.,$30 million,Quentin Tarantino,Lawrence Bender,Uma Thurman
44,The Manchurian Candidate,"$65,955,630",Paramount,Thriller,R,"July 30, 2004",2 hrs. 10 min.,$80 million,Jonathan Demme,"Scott Aversano,Scott Rudin","Denzel Washington,Meryl Streep,Liev Schreiber,Jon Voight,Jeffrey Wright,Anthony Mackie"
45,Barbershop 2: Back in Business,"$65,111,277",MGM,Comedy,PG-13,"February 6, 2004",1 hrs. 46 min.,$30 million,N/A,"Matt Alvarez,Mark Brown,Ice Cube,George Tillman, Jr.","Ice Cube,Cedric the Entertainer,Michael Ealy,Queen Latifah"
46,Miracle,"$64,378,093",Buena Vista,Sports Drama,PG,"February 6, 2004",2 hrs. 15 min.,N/A,Gavin O'Connor,N/A,Kurt Russell
47,Friday Night Lights,"$61,255,921",Universal,Sports Drama,PG-13,"October 8, 2004",1 hrs. 47 min.,$30 million,Peter Berg,Brian Grazer,"Billy Bob Thornton,Lucas Black,Garrett Hedlund,Derek Luke"
48,Hellboy,"$59,623,958",Sony (Revolution),Action Horror,PG-13,"April 2, 2004",1 hrs. 52 min.,$66 million,Guillermo del Toro,"Lawrence Gordon,Lloyd Levin",Ron Perlman
49,The Stepford Wives,"$59,484,742",Paramount,Sci-Fi Comedy,PG-13,"June 11, 2004",1 hrs. 33 min.,$90 million,Frank Oz,"Donald De Line,Scott Rudin","Nicole Kidman,Matthew Broderick,Christopher Walken,Bette Midler,Glenn Close"
50,Dawn of the Dead,"$59,020,957",Universal,Horror,R,"March 19, 2004",1 hrs. 38 min.,$26 million,Zack Snyder,"Richard P. Rubinstein,Marc Abraham,Eric Newman","Sarah Polley,Ty Burrell"
51,Without a Paddle,"$58,169,327",Paramount,Comedy,PG-13,"August 20, 2004",1 hrs. 39 min.,$19 million,Steven Brill,"Donald De Line,Richard Vane","Seth Green,Matthew Lillard"
52,The Butterfly Effect,"$57,938,693",New Line,Sci-Fi Thriller,R,"January 23, 2004",1 hrs. 54 min.,$13 million,N/A,"Chris Bender,J.C. Spink",Ashton Kutcher
53,Shall We Dance,"$57,890,460",Miramax,Music Drama,PG-13,"October 15, 2004",1 hrs. 35 min.,$50 million,Peter Chelsom,Simon Fields,"Richard Gere,Jennifer Lopez,Susan Sarandon,Stanley Tucci"
54,The Chronicles of Riddick,"$57,761,012",Universal,Sci-Fi Fantasy,PG-13,"June 11, 2004",1 hrs. 59 min.,$105 million,David Twohy,"Vin Diesel,Ted Field,Scott Kroopf,George Zakk","Vin Diesel,Thandie Newton,Judi Dench,Karl Urban,Alexa Davalos"
55,13 Going on 30,"$57,231,747",Sony (Revolution),Fantasy Comedy,PG-13,"April 23, 2004",1 hrs. 37 min.,$37 million,Gary Winick,Todd Garner,"Andy Serkis,Jennifer Garner,Mark Ruffalo"
56,Saw,"$55,185,045Domestic Lifetime Gross $56,000,369",Lions Gate,Horror,R,"October 29, 2004",1 hrs. 40 min.,$1.2 million,James Wan,N/A,"Cary Elwes,Danny Glover"
57,Hero,"$53,710,019",Miramax,Foreign / Action,PG-13,"August 27, 2004",1 hrs. 39 min.,$31 million,Zhang Yimou,Quentin Tarantino,"Donnie Yen,Jet Li,Zhang Ziyi"
58,Blade: Trinity,"$52,411,906",New Line,Action Horror,R,"December 8, 2004",1 hrs. 54 min.,$65 million,David S. Goyer,"Avi Arad,Kevin Feige,David S. Goyer,Stan Lee","Wesley Snipes,Jessica Biel,Ryan Reynolds,Parker Posey"
59,King Arthur,"$51,882,244",Buena Vista,Period Adventure,PG-13,"July 7, 2004",2 hrs. 10 min.,$120 million,Antoine Fuqua,Jerry Bruckheimer,"Clive Owen,Keira Knightley,Ioan Gruffudd,Stellan Skarsgard,Ray Stevenson,Mads Mikkelsen"
60,Finding Neverland,"$51,680,613",Miramax,Period Drama,PG,"November 12, 2004",1 hrs. 41 min.,$25 million,Marc Forster,N/A,"Johnny Depp,Kate Winslet,Radha Mitchell,Dustin Hoffman,Freddie Highmore"
61,A Cinderella Story,"$51,438,175",Warner Bros.,Family Comedy,PG,"July 16, 2004",1 hrs. 36 min.,$19 million,N/A,"Hunt Lowry,Dylan Sellers,Casey La Scalla","Hilary Duff,Jennifer Coolidge"
62,The Phantom of the Opera,"$51,268,815",Warner Bros.,Musical,PG-13,"December 22, 2004",2 hrs. 23 min.,$70 million,Joel Schumacher,N/A,"Gerard Butler,Emmy Rossum,Patrick Wilson"
63,Resident Evil: Apocalypse,"$51,201,453",Sony / Screen Gems,Action Horror,R,"September 10, 2004",1 hrs. 34 min.,$45 million,N/A,"Paul W.S. Anderson,Jeremy Bolt,Don Carmody,Bernd Eichinger,Samuel Hadida,Robert Kulzer","Milla Jovovich,Jared Harris"
64,Home on the Range,"$50,030,461",Buena Vista,Animation,PG,"April 2, 2004",1 hrs. 16 min.,$110 million,Will Finn,N/A,N/A
65,Fat Albert,"$48,116,322",Fox,Family Comedy,PG,"December 25, 2004",1 hrs. 40 min.,N/A,N/A,John Davis,Raven-Symone
66,Secret Window,"$48,022,900",Sony / Columbia,Thriller,PG-13,"March 12, 2004",1 hrs. 46 min.,$40 million,David Koepp,Gavin Polone,"Johnny Depp,Maria Bello"
67,Walking Tall,"$46,437,717",MGM,Action,PG-13,"April 2, 2004",1 hrs. 26 min.,$46 million,N/A,David Hoberman,"Dwayne Johnson,Johnny Knoxville"
68,In Good Company,"$45,806,659",Universal,Comedy / Drama,PG-13,"December 29, 2004",1 hrs. 50 min.,N/A,Paul Weitz,"Rodney M. Liber,Chris Weitz,Paul Weitz","Dennis Quaid,Topher Grace,Scarlett Johansson,Clark Gregg"
69,Napoleon Dynamite,"$44,540,956",Fox Searchlight,Comedy,PG,"June 11, 2004",1 hrs. 26 min.,"$400,000",N/A,N/A,Jon Heder
70,Spanglish,"$42,726,869",Sony / Columbia,Comedy / Drama,PG-13,"December 17, 2004",1 hrs. 51 min.,$80 million,James L. Brooks,Richard Sakai,"Adam Sandler,Tea Leoni"
71,Exorcist: The Beginning,"$41,821,986",Warner Bros.,Period Horror,R,"August 20, 2004",1 hrs. 54 min.,$80 million,Renny Harlin,James G. Robinson,Stellan Skarsgard
72,You Got Served,"$40,363,810",Sony / Screen Gems,Music Drama,PG-13,"January 30, 2004",1 hrs. 35 min.,$8 million,Chris Stokes,N/A,N/A
73,Bridget Jones: The Edge of Reason,"$40,226,215",Universal,Romantic Comedy,R,"November 12, 2004",1 hrs. 48 min.,$40 million,Beeban Kidron,"Tim Bevan,Eric Fellner","Renee Zellweger,Hugh Grant,Jim Broadbent,Colin Firth"
74,Catwoman,"$40,202,379",Warner Bros.,Action / Adventure,PG-13,"July 23, 2004",1 hrs. 44 min.,$100 million,N/A,Denise Di Novi,"Halle Berry,Sharon Stone,Benjamin Bratt"
75,The Ladykillers,"$39,799,191",Buena Vista,Crime Comedy,R,"March 26, 2004",1 hrs. 44 min.,$35 million,"Ethan Coen,Joel Coen","Ethan Coen,Joel Coen,Barry Sonnenfeld","Tom Hanks,Marlon Wayans"
76,Sky Captain and the World of Tomorrow,"$37,762,677",Paramount,Sci-Fi Adventure,PG,"September 17, 2004",1 hrs. 47 min.,$70 million,N/A,N/A,"Jude Law,Gwyneth Paltrow,Angelina Jolie,Giovanni Ribisi"
77,Raising Helen,"$37,486,512",Buena Vista,Comedy,PG-13,"May 28, 2004",1 hrs. 54 min.,N/A,Garry Marshall,David Hoberman,"Kate Hudson,John Corbett,Hayden Panettiere,Abigail Breslin,Helen Mirren"
78,Taxi,"$36,611,066",Fox,Action Comedy,PG-13,"October 6, 2004",1 hrs. 37 min.,$25 million,Tim Story,"Luc Besson,Robert Simonds",Queen Latifah
79,Eternal Sunshine of the Spotless Mind,"$34,400,301",Focus Features,Sci-Fi Comedy,R,"March 19, 2004",1 hrs. 48 min.,$20 million,Michel Gondry,"Steve Golin,Glenn Williamson","Jim Carrey,Kate Winslet,Kirsten Dunst,Mark Ruffalo,Elijah Wood,Tom Wilkinson"
80,Alexander,"$34,297,191",Warner Bros.,Historical Epic,R,"November 24, 2004",2 hrs. 56 min.,$155 million,Oliver Stone,"Jon Kilik,Gianni Nunnari","Colin Farrell,Angelina Jolie,Val Kilmer,Jared Leto,Rosario Dawson,Anthony Hopkins,Jonathan Rhys Meyers,Christopher Plummer"
81,Closer,"$33,987,757",Sony / Columbia,Romance,R,"December 3, 2004",1 hrs. 38 min.,$27 million,Mike Nichols,"Mike Nichols,Scott Rudin","Julia Roberts,Jude Law,Natalie Portman,Clive Owen"
82,The Punisher,"$33,810,189",Lions Gate,Action / Crime,R,"April 16, 2004",1 hrs. 59 min.,$33 million,N/A,"Avi Arad,Kevin Feige,Gale Anne Hurd,Stan Lee","Thomas Jane,John Travolta,Rebecca Romijn"
83,Team America: World Police,"$32,786,074",Paramount,Comedy,R,"October 15, 2004",1 hrs. 45 min.,$32 million,Trey Parker,"Scott Aversano,Scott Rudin",N/A
84,Taking Lives,"$32,682,342",Warner Bros.,Thriller,R,"March 19, 2004",1 hrs. 40 min.,$45 million,D.J. Caruso,"Mark Canton,Dana Goldberg,Bernie Goldmann,David Heyman","Angelina Jolie,Ethan Hawke,Kiefer Sutherland,Gena Rowlands"
85,Anacondas: The Hunt for the Blood Orchid,"$32,238,923",Sony / Screen Gems,Horror,PG-13,"August 27, 2004",1 hrs. 33 min.,$20 million,N/A,N/A,N/A
86,Cellular,"$32,003,620",New Line,Thriller,PG-13,"September 10, 2004",1 hrs. 35 min.,$25 million,David R. Ellis,Dean Devlin,"Kim Basinger,Chris Evans,Jason Statham,William H. Macy,Jessica Biel"
87,Johnson Family Vacation,"$31,203,964",Fox Searchlight,Comedy,PG-13,"April 7, 2004",1 hrs. 36 min.,$12 million,N/A,"Cedric the Entertainer,Paul Hall","Cedric the Entertainer,Bow Wow"
88,Open Water,"$30,610,863",Lions Gate,Horror,R,"August 6, 2004",1 hrs. 19 min.,"$500,000",Chris Kentis,Laura Lau,N/A
89,Confessions of a Teenage Drama Queen,"$29,331,068",Buena Vista,Family Comedy,PG,"February 20, 2004",1 hrs. 26 min.,N/A,N/A,N/A,Lindsay Lohan
90,After the Sunset,"$28,331,233",New Line,Romantic Thriller,PG-13,"November 12, 2004",1 hrs. 38 min.,$60 million,Brett Ratner,"Beau Flynn,Jay Stern,Tripp Vinson","Pierce Brosnan,Salma Hayek,Woody Harrelson,Don Cheadle,Naomie Harris"
91,The Prince and Me,"$28,176,497",Paramount,Romantic Comedy,PG,"April 2, 2004",1 hrs. 51 min.,$22 million,Martha Coolidge,N/A,Julia Stiles
92,Garden State,"$26,782,316",Fox Searchlight,Comedy / Drama,R,"July 28, 2004",1 hrs. 49 min.,$2.5 million,Zach Braff,"Pamela Abdy,Dan Halsted,Michael Shamberg,Stacey Sher","Zach Braff,Natalie Portman,Peter Sarsgaard,Ian Holm"
93,Jersey Girl,"$25,268,157",Miramax,Comedy / Drama,PG-13,"March 26, 2004",1 hrs. 43 min.,$35 million,Kevin Smith,N/A,"Ben Affleck,Liv Tyler,Jennifer Lopez"
94,Twisted,"$25,198,598",Paramount,Thriller,R,"February 27, 2004",1 hrs. 37 min.,$50 million,N/A,"Anne Kopelson,Arnold Kopelson","Philip Kaufman,Ashley Judd,Samuel L. Jackson"
95,The Life Aquatic with Steve Zissou,"$24,020,403",Buena Vista,Adventure Comedy,R,"December 10, 2004",1 hrs. 58 min.,$50 million,Wes Anderson,"Wes Anderson,Barry Mendel,Scott Rudin","Seu Jorge,Bill Murray,Owen Wilson,Cate Blanchett,Willem Dafoe,Jeff Goldblum"
96,Around the World in 80 Days,"$24,008,137",Buena Vista,Family Adventure,PG,"June 16, 2004",2 hrs. 0 min.,$110 million,Frank Coraci,"Bill Badalato,Alex Schwartz","Steve Coogan,Jackie Chan,Cecile de France,Jim Broadbent,Kathy Bates"
97,Agent Cody Banks 2: Destination London,"$23,630,159",MGM,Family Adventure,PG,"March 12, 2004",1 hrs. 41 min.,$26 million,N/A,"Dylan Sellers,Bob Yari",Frankie Muniz
98,Hotel Rwanda,"$23,530,892",United Artists,Drama,PG-13,"December 22, 2004",1 hrs. 50 min.,N/A,N/A,N/A,"Don Cheadle,Sophie Okonedo"
99,Ella Enchanted,"$22,918,387",Miramax,Family Adventure,PG,"April 9, 2004",1 hrs. 35 min.,$31 million,N/A,N/A,"Anne Hathaway,Cary Elwes"
100,The Alamo (2004),"$22,414,961",Buena Vista,War,PG-13,"April 9, 2004",2 hrs. 17 min.,$107 million,John Lee Hancock,"Ron Howard,Mark Johnson","Billy Bob Thornton,Dennis Quaid,Patrick Wilson"
101,Darkness,"$22,163,442",Dimension Films,Horror,PG-13,"December 25, 2004",1 hrs. 42 min.,$10.6 million,N/A,N/A,Anna Paquin
102,Mr. 3000,"$21,811,187",Buena Vista,Sports Comedy,PG-13,"September 17, 2004",1 hrs. 44 min.,N/A,Charles Stone III,"Gary Barber,Roger Birnbaum,Jonathan Glickman,Frank Marshall","Bernie Mac,Angela Bassett"
103,NASCAR 3D: The IMAX Experience (IMAX),"$21,583,831",Warner Bros.,IMAX,PG,"March 12, 2004",0 hrs. 40 min.,N/A,N/A,N/A,N/A
104,Torque,"$21,215,059",Warner Bros.,Action,PG-13,"January 16, 2004",1 hrs. 21 min.,$40 million,N/A,Neal H. Moritz,"Ice Cube,Adam Scott"
105,Flight of the Phoenix,"$21,009,180",Fox,Adventure,PG-13,"December 17, 2004",2 hrs. 0 min.,$45 million,John Moore,"John Davis,Wyck Godfrey","Dennis Quaid,Tyrese Gibson,Giovanni Ribisi,Hugh Laurie"
106,Little Black Book,"$20,698,668",Sony (Revolution),Romantic Comedy,PG-13,"August 6, 2004",1 hrs. 45 min.,$35 million,Nick Hurran,N/A,"Brittany Murphy,Holly Hunter,Ron Livingston,Kathy Bates,Rashida Jones"
107,Yu-Gi-Oh! The Movie,"$19,765,868",Warner Bros.,Animation,PG,"August 13, 2004",1 hrs. 30 min.,N/A,N/A,N/A,N/A
108,Two Brothers,"$19,176,754",Universal,Family Adventure,PG,"June 25, 2004",1 hrs. 45 min.,N/A,Jean-Jacques Annaud,N/A,Guy Pearce
109,Harold and Kumar Go to White Castle,"$18,250,550",New Line,Comedy,R,"July 30, 2004",1 hrs. 28 min.,$9 million,N/A,"Greg Shapiro,James D. Stern","Kal Penn,Neil Patrick Harris"
110,Laws of Attraction,"$17,871,255",New Line,Romantic Comedy,PG-13,"April 30, 2004",1 hrs. 27 min.,$32 million,N/A,"Mark Gordon,Bob Yari","Pierce Brosnan,Julianne Moore,Michael Sheen,Parker Posey"
111,Eurotrip,"$17,771,387",DreamWorks,Comedy,R,"February 20, 2004",1 hrs. 32 min.,$25 million,Jeff Schaffer,"Alec Berg,David Mandel,Jackie Marcus,Joe Medjuck,Tom Pollock,Ivan Reitman",Michelle Trachtenberg
112,My Baby's Daddy,"$17,669,317",Miramax,Comedy,PG-13,"January 9, 2004",1 hrs. 26 min.,$12 million,N/A,Peter Safran,N/A
113,Seed of Chucky,"$17,083,732",Rogue Pictures,Horror Comedy,R,"November 12, 2004",1 hrs. 27 min.,$12 million,N/A,N/A,N/A
114,Win a Date with Tad Hamilton!,"$17,071,962",DreamWorks,Romantic Comedy,PG-13,"January 23, 2004",1 hrs. 36 min.,$22 million,Robert Luketic,"Lucy Fisher,Gail Lyon,Douglas Wick","Kate Bosworth,Topher Grace,Josh Duhamel,Ginnifer Goodwin"
115,Wimbledon,"$17,001,133",Universal,Romantic Comedy,PG-13,"September 17, 2004",1 hrs. 39 min.,$31 million,Richard Loncraine,"Tim Bevan,Eric Fellner","Kirsten Dunst,Paul Bettany,Jon Favreau"
116,The Motorcycle Diaries,"$16,781,387",Focus Features,Foreign,R,"September 24, 2004",2 hrs. 6 min.,N/A,N/A,N/A,Gael Garcia Bernal
117,Catch That Kid,"$16,703,799",Fox,Family Adventure,PG,"February 6, 2004",1 hrs. 32 min.,$12 million,N/A,Andrew Lazar,"Kristen Stewart,Max Thieriot"
118,The Whole Ten Yards,"$16,328,471",Warner Bros.,Crime Comedy,PG-13,"April 9, 2004",1 hrs. 39 min.,$40 million,N/A,N/A,"Bruce Willis,Matthew Perry,Amanda Peet"
119,Vanity Fair,"$16,136,476",Focus Features,Period Drama,PG-13,"September 1, 2004",2 hrs. 20 min.,$23 million,Mira Nair,N/A,"James Purefoy,Reese Witherspoon,Romola Garai,Rhys Ifans,Jim Broadbent,Jonathan Rhys Meyers"
120,Paparazzi,"$15,714,234",Fox,Action,PG-13,"September 3, 2004",1 hrs. 24 min.,N/A,N/A,N/A,N/A
121,The Girl Next Door,"$14,589,444",Fox,Comedy,R,"April 9, 2004",1 hrs. 49 min.,N/A,Luke Greenfield,Arnon Milchan,"Timothy Olyphant,Paul Dano"
122,Welcome to Mooseport,"$14,470,947",Fox,Comedy,PG-13,"February 20, 2004",1 hrs. 55 min.,$30 million,N/A,N/A,N/A
123,Godsend,"$14,379,751",Lions Gate,Horror,PG-13,"April 30, 2004",1 hrs. 42 min.,$25 million,N/A,"Mark Canton,Cathy Schulman","Greg Kinnear,Rebecca Romijn,Robert DeNiro"
124,Soul Plane,"$14,190,750",MGM,Comedy,R,"May 28, 2004",1 hrs. 26 min.,$16 million,N/A,Paul Hall,"Snoop Dogg,Tom Arnold,Kevin Hart,Mo'Nique"
125,Dirty Dancing: Havana Nights,"$14,161,590",Lions Gate,Romance,PG-13,"February 27, 2004",1 hrs. 26 min.,$25 million,N/A,Lawrence Bender,"Diego Luna,Romola Garai,John Slattery,January Jones"
126,New York Minute,"$14,071,441",Warner Bros.,Family Comedy,PG,"May 7, 2004",1 hrs. 26 min.,$30 million,N/A,"Denise Di Novi,Alison Greenspan,Mary-Kate Olsen",Mary-Kate Olsen
127,Envy,"$13,562,325",DreamWorks,Comedy,PG-13,"April 30, 2004",1 hrs. 39 min.,$40 million,Barry Levinson,Barry Levinson,"Ben Stiller,Jack Black,Rachel Weisz,Christopher Walken"
128,Shaun of the Dead,"$13,542,874",Rogue Pictures,Horror Comedy,R,"September 24, 2004",1 hrs. 39 min.,N/A,Edgar Wright,"Tim Bevan,Eric Fellner","Simon Pegg,Nick Frost"
129,De-Lovely,"$13,456,633",United Artists,Music Drama,PG-13,"July 2, 2004",2 hrs. 5 min.,$15 million,Irwin Winkler,"Rob Cowan,Irwin Winkler","Kevin Kline,Ashley Judd,Jonathan Pryce"
130,Alfie,"$13,399,812",Paramount,Comedy / Drama,R,"November 5, 2004",1 hrs. 42 min.,$60 million,Charles Shyer,Charles Shyer,"Jude Law,Marisa Tomei,Susan Sarandon,Nia Long,Omar Epps"
131,Wicker Park,"$13,001,257",MGM,Romantic Thriller,PG-13,"September 3, 2004",1 hrs. 55 min.,N/A,N/A,"Gary Lucchesi,Tom Rosenberg","Josh Hartnett,Matthew Lillard,Rose Byrne"
132,I Heart Huckabees,"$12,785,432",Fox Searchlight,Comedy,R,"October 1, 2004",1 hrs. 46 min.,$20 million,David O. Russell,"Scott Rudin,David O. Russell","Jason Schwartzman,Dustin Hoffman,Lily Tomlin,Jude Law,Mark Wahlberg,Naomi Watts"
133,Breakin' All the Rules,"$12,264,319",Sony / Screen Gems,Romantic Comedy,PG-13,"May 14, 2004",1 hrs. 22 min.,$10 million,N/A,N/A,Jamie Foxx
134,Chasing Liberty,"$12,195,626",Warner Bros.,Romantic Comedy,PG-13,"January 9, 2004",1 hrs. 51 min.,$23 million,N/A,"Broderick Johnson,Andrew A. Kosove","Mandy Moore,Matthew Goode"
135,The Cookout,"$11,814,019",Lions Gate,Comedy,PG-13,"September 3, 2004",1 hrs. 25 min.,N/A,N/A,N/A,"Danny Glover,Queen Latifah"
136,Surviving Christmas,"$11,663,156",DreamWorks,Comedy,PG-13,"October 22, 2004",1 hrs. 32 min.,N/A,Mike Mitchell,Patricia Whitcher,"Ben Affleck,James Gandolfini,Christina Applegate"
137,Super Size Me,"$11,536,423",IDP,Documentary,PG-13,"May 7, 2004",1 hrs. 38 min.,"$65,000",Morgan Spurlock,Morgan Spurlock,N/A
138,House of Flying Daggers,"$11,050,094",Sony Classics,Foreign / Action,PG-13,"December 3, 2004",1 hrs. 59 min.,N/A,Zhang Yimou,N/A,Zhang Ziyi
139,What the #$*! Do We Know?!,"$10,942,306",Captured Light Distribution,Comedy / Drama,Unrated,"February 6, 2004",1 hrs. 51 min.,N/A,N/A,N/A,N/A
140,Raise Your Voice,"$10,411,980",New Line,Music Drama,PG,"October 8, 2004",1 hrs. 47 min.,$15 million,Sean McNamara,Sean McNamara,"Hilary Duff,John Corbett"
141,The Perfect Score,"$10,391,003",Paramount,Comedy,PG-13,"January 30, 2004",1 hrs. 43 min.,N/A,Brian Robbins,"Roger Birnbaum,Jonathan Glickman,Brian Robbins,Michael Tollin","Chris Evans,Scarlett Johansson,Erika Christensen"
142,Kinsey,"$10,254,979",Fox Searchlight,Period Drama,R,"November 12, 2004",2 hrs. 4 min.,$11 million,Bill Condon,N/A,"Liam Neeson,Laura Linney,Chris O'Donnell,Peter Sarsgaard"
143,Sleepover,"$9,436,390",MGM,Family Comedy,PG,"July 9, 2004",1 hrs. 30 min.,N/A,Joe Nussbaum,N/A,"Alexa Vega,Steve Carell"
144,Super Babies: Baby Geniuses 2,"$9,219,388",Triumph,Family Comedy,PG,"August 27, 2004",1 hrs. 28 min.,N/A,N/A,Steven Paul,Jon Voight
145,First Daughter,"$9,055,921",Fox,Romantic Comedy,PG,"September 24, 2004",1 hrs. 45 min.,N/A,Forest Whitaker,"John Davis,Wyck Godfrey,Arnon Milchan","Forest Whitaker,Katie Holmes,Michael Keaton"
146,Saved!,"$8,940,582",United Artists,Comedy,PG-13,"May 28, 2004",1 hrs. 33 min.,$5 million,N/A,N/A,"Jena Malone,Macaulay Culkin,Mandy Moore,Martin Donovan"
147,Suspect Zero,"$8,725,813",Paramount,Thriller,R,"August 27, 2004",1 hrs. 40 min.,$27 million,N/A,"Gary Lucchesi,Tom Rosenberg,Paula Wagner","Aaron Eckhart,Ben Kingsley,Carrie-Anne Moss"
148,Connie and Carla,"$8,085,771",Universal,Comedy,PG-13,"April 16, 2004",1 hrs. 37 min.,$27 million,Michael Lembeck,"Gary Barber,Roger Birnbaum,Jonathan Glickman,Tom Hanks,Peter Safran,Nia Vardalos","Nia Vardalos,Toni Collette,David Duchovny"
149,Being Julia,"$7,739,049",Sony Classics,Period Comedy,R,"October 15, 2004",1 hrs. 45 min.,N/A,N/A,N/A,"Annette Bening,Jeremy Irons"
150,Thunderbirds,"$6,880,917",Universal,Family Adventure,PG,"July 30, 2004",1 hrs. 35 min.,$57 million,N/A,"Tim Bevan,Eric Fellner",Ben Kingsley
151,"Woman, Thou Art Loosed","$6,879,730",Magnolia,Drama,R,"October 1, 2004",1 hrs. 39 min.,N/A,N/A,N/A,N/A
152,Maria Full of Grace,"$6,529,624",Fine Line,Foreign,R,"July 16, 2004",1 hrs. 41 min.,N/A,N/A,N/A,N/A
153,A Very Long Engagement,"$6,524,389",Warner Independent,Foreign,R,"November 26, 2004",2 hrs. 14 min.,$56.6 million,Jean-Pierre Jeunet,Bill Gerber,Marion Cotillard
154,Teacher's Pet,"$6,491,969",Buena Vista,Animation,PG,"January 16, 2004",1 hrs. 15 min.,N/A,N/A,N/A,N/A
155,The Big Bounce,"$6,489,476",Warner Bros.,Crime Comedy,PG-13,"January 30, 2004",1 hrs. 48 min.,N/A,N/A,N/A,"Owen Wilson,Morgan Freeman,Charlie Sheen"
156,Beyond the Sea,"$6,318,709",Lions Gate,Musical,PG-13,"December 17, 2004",1 hrs. 58 min.,N/A,N/A,N/A,"Kevin Spacey,Kate Bosworth"
157,Against the Ropes,"$5,884,190",Paramount,Sports Drama,PG-13,"February 20, 2004",1 hrs. 55 min.,N/A,N/A,N/A,"Meg Ryan,Omar Epps"
158,Before Sunset,"$5,820,649",Warner Independent,Romance,R,"July 2, 2004",1 hrs. 20 min.,$2.7 million,Richard Linklater,John Sloss,"Ethan Hawke,Julie Delpy"
159,The Clearing,"$5,763,875",Fox Searchlight,Drama / Thriller,R,"July 2, 2004",1 hrs. 35 min.,N/A,Pieter Jan Brugge,"Pieter Jan Brugge,Jonah Smith","Robert Redford,Helen Mirren,Willem Dafoe"
160,Never Die Alone,"$5,645,298",Fox Searchlight,Crime Drama,R,"March 26, 2004",1 hrs. 28 min.,N/A,Ernest R. Dickerson,N/A,Michael Ealy
161,Bad Education,"$5,211,842",Sony Classics,Foreign,NC-17,"November 19, 2004",1 hrs. 49 min.,$5 million,Pedro Almodovar,Pedro Almodovar,Gael Garcia Bernal
162,Birth,"$5,095,038",New Line,Fantasy Drama,R,"October 29, 2004",1 hrs. 40 min.,$20 million,N/A,N/A,Nicole Kidman
163,Club Dread,"$5,001,708",Fox Searchlight,Horror Comedy,R,"February 27, 2004",1 hrs. 43 min.,N/A,Jay Chandrasekhar,N/A,N/A
164,Touching the Void,"$4,593,598",IFC,Documentary,R,"January 23, 2004",1 hrs. 46 min.,N/A,Kevin Macdonald,N/A,N/A
165,Spartan,"$4,434,432",Warner Bros.,Action Thriller,R,"March 12, 2004",1 hrs. 47 min.,N/A,David Mamet,N/A,"Val Kilmer,Derek Luke,William H. Macy"
166,A Day Without a Mexican,"$4,179,890",Televisa Cine,Comedy,R,"May 14, 2004",1 hrs. 40 min.,N/A,N/A,N/A,N/A
167,"Good Bye, Lenin!","$4,064,200",Sony Classics,Foreign,R,"February 27, 2004",2 hrs. 1 min.,N/A,N/A,N/A,N/A
168,Camping Sauvage,"$3,894,585",Alliance,Foreign,Unrated,"July 9, 2004",1 hrs. 40 min.,N/A,N/A,N/A,N/A
169,The Door in the Floor,"$3,854,624",Focus Features,Drama,R,"July 14, 2004",1 hrs. 51 min.,$7.5 million,Tod Williams,Ted Hope,"Seu Jorge,Jeff Bridges,Kim Basinger"
170,Benji Off the Leash,"$3,817,362",Mulberry Square,Family Adventure,PG,"August 20, 2004",1 hrs. 37 min.,N/A,N/A,N/A,N/A
171,Vera Drake,"$3,775,283",Fine Line,Period Drama,R,"October 8, 2004",2 hrs. 5 min.,N/A,Mike Leigh,N/A,"Imelda Staunton,Sally Hawkins"
172,William Shakespeare's The Merchant of Venice,"$3,765,585",Sony Classics,Period Drama,R,"December 29, 2004",2 hrs. 18 min.,$30 million,Michael Radford,N/A,"Al Pacino,Jeremy Irons"
173,Born Into Brothels,"$3,515,061",ThinkFilm,Documentary,R,"December 8, 2004",1 hrs. 25 min.,N/A,N/A,N/A,N/A
174,The Work and the Glory,"$3,347,647",Excel,Period Drama,PG,"November 24, 2004",1 hrs. 58 min.,$7.5 million,N/A,N/A,N/A
175,Veer Zaara,"$2,938,532",Yash Raj,Foreign,Unrated,"November 11, 2004",3 hrs. 12 min.,$7 million,N/A,N/A,N/A
176,Clifford's Really Big Movie,"$2,922,354",Warner Bros.,Animation,G,"April 20, 2004",1 hrs. 13 min.,N/A,N/A,N/A,N/A
177,Bobby Jones: Stroke of Genius,"$2,694,071",Film Foundry,Sports Drama,PG,"April 30, 2004",2 hrs. 0 min.,$20 million,N/A,N/A,James Caviezel
178,Therese: The Story of Saint Therese of Lisieux,"$2,627,016",Luke Films,Period Drama,PG,"October 1, 2004",1 hrs. 36 min.,N/A,N/A,N/A,N/A
179,Control Room,"$2,589,616",Magnolia,Documentary,Unrated,"May 21, 2004",1 hrs. 23 min.,N/A,N/A,N/A,N/A
180,The Dreamers,"$2,532,228",Fox Searchlight,Drama,NC-17,"February 6, 2004",1 hrs. 56 min.,$15 million,N/A,N/A,Eva Green
181,"Spring, Summer, Fall, Winter... and Spring",,Sony Classics,Foreign,R,"April 2, 2004",1 hrs. 43 min.,N/A,N/A,N/A,N/A
182,Bon Voyage,"$2,354,559Domestic Lifetime Gross $2,503,286",Sony Classics,Foreign,PG-13,"March 19, 2004",1 hrs. 54 min.,N/A,N/A,N/A,N/A
183,Riding Giants,"$2,276,368",Sony Classics,Documentary,PG-13,"July 9, 2004",1 hrs. 41 min.,N/A,N/A,N/A,N/A
184,Dans une galaxie pres de chez vous,"$2,259,688",TVA,Foreign,Unrated,"April 9, 2004",N/A,N/A,N/A,N/A,N/A
185,Coffee and Cigarettes,"$2,198,924",United Artists,Comedy,R,"May 14, 2004",1 hrs. 35 min.,N/A,Jim Jarmusch,N/A,"Roberto Benigni,Cate Blanchett,Bill Murray,Steve Coogan,Alfred Molina"
186,Intimate Strangers,"$2,110,589",Paramount Classics,Foreign,R,"July 30, 2004",1 hrs. 44 min.,N/A,N/A,N/A,N/A
187,The Sea Inside,"$2,104,923",Fine Line,Foreign,PG-13,"December 17, 2004",2 hrs. 5 min.,N/A,Alejandro Amenabar,N/A,Javier Bardem
188,Les Choristes (Quebec),"$2,087,128Domestic Lifetime Gross $3,635,164",Alliance,Foreign,PG-13,"October 1, 2004",1 hrs. 35 min.,N/A,N/A,N/A,N/A
189,We Don't Live Here Anymore,"$2,041,014",Warner Independent,Drama,R,"August 13, 2004",1 hrs. 44 min.,$3 million,John Curran,N/A,"Mark Ruffalo,Peter Krause,Naomi Watts"
190,Santa Vs. the Snowman - Season 3 (IMAX),"$1,926,034Domestic Lifetime Gross $10,259,134",IMAX,IMAX,Unrated,"October 22, 2004",N/A,N/A,N/A,N/A,N/A
191,The Corporation,"$1,879,983Domestic Lifetime Gross $3,493,516",Zeitgeist,Documentary,Unrated,"June 4, 2004",2 hrs. 25 min.,N/A,N/A,N/A,N/A
192,Elles etaient cinq,"$1,852,272",Alliance,Foreign,Unrated,"August 27, 2004",1 hrs. 33 min.,N/A,N/A,N/A,N/A
193,Elvis Gratton XXX,"$1,838,920",Christal Films,Comedy,Unrated,"June 23, 2004",1 hrs. 45 min.,N/A,N/A,N/A,N/A
194,The Story of the Weeping Camel,"$1,763,052",ThinkFilm,Documentary,PG,"June 4, 2004",1 hrs. 27 min.,N/A,N/A,N/A,N/A
195,The Blue Butterfly,"$1,755,355",Alliance,Adventure,PG,"February 20, 2004",1 hrs. 37 min.,N/A,N/A,N/A,N/A
196,Main Hoon Na,"$1,747,060",Eros,Foreign,Unrated,"April 30, 2004",3 hrs. 2 min.,N/A,N/A,N/A,N/A
197,I'm Not Scared,"$1,615,328",Miramax,Foreign,R,"April 9, 2004",1 hrs. 50 min.,N/A,N/A,N/A,N/A
198,The Corporation (Canada),,Mongrel Media,Documentary,Unrated,"January 16, 2004",2 hrs. 25 min.,N/A,N/A,N/A,N/A
199,Nouvelle-France,"$1,599,716",Christal Films,Foreign,PG-13,"November 19, 2004",2 hrs. 25 min.,N/A,N/A,Samuel Hadida,N/A
200,The Woodsman,"$1,576,231",Newmarket,Drama,R,"December 24, 2004",1 hrs. 27 min.,N/A,N/A,Lee Daniels,"Kevin Bacon,Benjamin Bratt"
201,Dogville,"$1,535,286",Lions Gate,Period Drama,R,"March 26, 2004",2 hrs. 57 min.,$10 million,N/A,N/A,"Nicole Kidman,Stellan Skarsgard,Paul Bettany"
202,Monica la mitraille,"$1,435,015",Alliance,Foreign,Unrated,"April 30, 2004",2 hrs. 5 min.,N/A,N/A,N/A,N/A
203,Le Dernier Tunnel,"$1,352,489",Christal Films,Foreign,Unrated,"March 12, 2004",1 hrs. 50 min.,N/A,N/A,N/A,N/A
204,A Dirty Shame,,Fine Line,Comedy,NC-17,"September 17, 2004",1 hrs. 28 min.,N/A,N/A,"Ted Hope,John Wells",Johnny Knoxville
205,Saints and Soldiers,"$1,310,470",Excel,War,PG-13,"August 6, 2004",1 hrs. 30 min.,"$780,000",N/A,N/A,N/A
206,Osama,"$1,270,904",United Artists,Foreign,PG-13,"February 6, 2004",1 hrs. 22 min.,"$46,000",N/A,N/A,N/A
207,Going the Distance (2004),"$1,230,897",Odeon,Comedy,R,"August 20, 2004",1 hrs. 33 min.,N/A,N/A,N/A,N/A
208,Swades,"$1,223,240",UTV Communications,Foreign,Unrated,"December 17, 2004",3 hrs. 0 min.,N/A,N/A,N/A,N/A
209,Metallica: Some Kind of Monster,"$1,222,708",IFC,Documentary,R,"July 9, 2004",2 hrs. 20 min.,N/A,N/A,N/A,N/A
210,Festival Express,"$1,174,079",ThinkFilm,Documentary,R,"July 23, 2004",1 hrs. 30 min.,N/A,N/A,N/A,N/A
211,Ma vie en cinemascope,"$1,163,648",Alliance,Foreign,Unrated,"December 17, 2004",1 hrs. 30 min.,N/A,N/A,N/A,N/A
212,The Best Two Years,"$1,163,450",Halestorm,Comedy,PG,"February 20, 2004",1 hrs. 49 min.,N/A,N/A,N/A,N/A
213,Les Aimants,"$1,150,414",Alliance,Foreign,Unrated,"October 1, 2004",1 hrs. 31 min.,N/A,N/A,N/A,N/A
214,Paper Clips,"$1,121,744",Slowhand Cinema,Documentary,G,"November 24, 2004",1 hrs. 23 min.,N/A,N/A,N/A,N/A
215,Nicotina,"$1,117,864",Arenas Entertainment,Crime Comedy,R,"August 20, 2004",1 hrs. 33 min.,N/A,N/A,N/A,Diego Luna
216,Tae Guk Gi: The Brotherhood of War,"$1,111,061",IDP,Foreign / Action,R,"September 3, 2004",2 hrs. 20 min.,N/A,N/A,N/A,N/A
217,Sacred Planet (IMAX),"$1,108,356",Buena Vista,IMAX,G,"April 22, 2004",0 hrs. 45 min.,N/A,N/A,N/A,N/A
218,The Machinist,"$1,082,715",Paramount Classics,Horror Thriller,R,"October 22, 2004",1 hrs. 42 min.,N/A,Brad Anderson,N/A,Christian Bale
219,The Mother,"$1,063,163",Sony Classics,Drama,R,"May 28, 2004",1 hrs. 52 min.,$2.5 million,N/A,N/A,Daniel Craig
220,Ghost in the Shell 2: Innocence,"$1,043,896",DW / Go Fish,Animation,PG-13,"September 17, 2004",1 hrs. 39 min.,N/A,N/A,N/A,N/A
221,A Home at the End of the World,"$1,029,872",Warner Independent,Drama,R,"July 23, 2004",2 hrs. 0 min.,$6.5 million,Michael Mayer,"Hunt Lowry,John Sloss,John Wells",Colin Farrell
222,Silver City,"$1,020,656",Newmarket,Comedy Thriller,R,"September 17, 2004",2 hrs. 9 min.,N/A,N/A,N/A,"Chris Cooper,Maria Bello"
223,Bright Young Things,"$933,637",ThinkFilm,Period Comedy,R,"August 20, 2004",1 hrs. 46 min.,N/A,N/A,N/A,"Jim Broadbent,James McAvoy,Michael Sheen"
224,Criminal,"$929,233",Warner Independent,Crime Thriller,R,"September 10, 2004",1 hrs. 27 min.,N/A,Gregory Jacobs,"Jennifer Fox,Gregory Jacobs,Steven Soderbergh","Maggie Gyllenhaal,Diego Luna"
225,Mujhse Shaadi Karogi,"$915,728",Zee TV,Foreign,Unrated,"July 30, 2004",1 hrs. 30 min.,N/A,N/A,N/A,N/A
226,Intermission,"$896,993",IFC,Crime Comedy,R,"March 19, 2004",1 hrs. 43 min.,$5 million,John Crowley,N/A,"Colin Farrell,Cillian Murphy"
227,Zatoichi: The Blind Swordsman,"$862,894Domestic Lifetime Gross $1,118,163",Miramax,Foreign / Action,R,"July 23, 2004",1 hrs. 55 min.,N/A,N/A,N/A,N/A
228,Latter Days,,TLA Releasing,Romance,R,"January 30, 2004",1 hrs. 37 min.,N/A,N/A,N/A,Joseph Gordon-Levitt
229,The Battle of Algiers (re-issue),"$822,941Domestic Lifetime Gross $879,794",Rialto,Foreign,Unrated,"January 9, 2004",2 hrs. 0 min.,N/A,N/A,N/A,N/A
230,Hum Tum,,Yash Raj,Foreign,Unrated,"May 28, 2004",2 hrs. 50 min.,N/A,N/A,N/A,N/A
231,Stage Beauty,"$782,383",Lions Gate,Period Drama,R,"October 8, 2004",1 hrs. 45 min.,N/A,N/A,James D. Stern,"Claire Danes,Billy Crudup,Tom Wilkinson,Alice Eve"
232,Young Adam,"$767,373",Sony Classics,Crime Thriller,NC-17,"April 16, 2004",1 hrs. 33 min.,$6.4 million,N/A,N/A,"Ewan McGregor,Tilda Swinton"
233,Lakshya,"$753,600",UTV Communications,Foreign,Unrated,"June 18, 2004",3 hrs. 6 min.,N/A,N/A,N/A,N/A
234,Donnie Darko: The Director's Cut,"$753,147Domestic Lifetime Gross $1,478,493",Newmarket,Fantasy Drama,R,"June 2, 2004",2 hrs. 13 min.,N/A,N/A,N/A,N/A
235,Rosenstrasse,"$734,519",IDP,Foreign,PG-13,"July 30, 2004",2 hrs. 16 min.,N/A,N/A,N/A,N/A
236,Fade to Black,"$728,921",Paramount Classics,Concert,R,"November 5, 2004",1 hrs. 46 min.,N/A,Oliver Parker,N/A,N/A
237,The Assassination of Richard Nixon,"$708,776",ThinkFilm,Drama,R,"December 29, 2004",1 hrs. 35 min.,N/A,N/A,"Leonardo DiCaprio,Alexander Payne","Sean Penn,Naomi Watts,Don Cheadle"
238,Saddest Music in the World,"$699,225",IFC,Unknown,R,"April 30, 2004",1 hrs. 39 min.,N/A,N/A,N/A,N/A
239,Red Lights,"$673,828",Wellspring,Foreign,Unrated,"August 20, 2004",1 hrs. 45 min.,N/A,N/A,N/A,N/A
240,Monty Python's Life of Brian (Re-issue),"$646,951Domestic Lifetime Gross $20,045,115",Rainbow Releasing,Comedy,R,"April 30, 2004",1 hrs. 34 min.,N/A,N/A,N/A,N/A
241,Going Upriver: The Long War of John Kerry,,ThinkFilm,Documentary,PG-13,"October 1, 2004",2 hrs. 10 min.,N/A,N/A,N/A,N/A
242,Mean Creek,"$603,951",Paramount Classics,Drama / Thriller,R,"August 20, 2004",1 hrs. 29 min.,N/A,Jacob Aaron Estes,Gigi Pritzker,Rory Culkin
243,Tarnation,"$592,014",Wellspring,Documentary,Unrated,"October 6, 2004",1 hrs. 28 min.,$220,N/A,"John Cameron Mitchell,Gus Van Sant",N/A
244,Khakee,"$587,877",Eros,Unknown,Unrated,"January 23, 2004",2 hrs. 54 min.,N/A,N/A,N/A,N/A
245,Touch of Pink,"$564,535",Sony Classics,Comedy,R,"July 16, 2004",1 hrs. 31 min.,N/A,N/A,N/A,N/A
246,Twilight Samurai,"$559,765",Empire,Foreign,Unrated,"April 23, 2004",2 hrs. 9 min.,N/A,N/A,N/A,N/A
247,Love Me If You Dare,"$553,504",Paramount Classics,Unknown,R,"May 21, 2004",1 hrs. 33 min.,N/A,N/A,N/A,Marion Cotillard
248,The Final Cut,"$551,281",Lions Gate,Sci-Fi Thriller,PG-13,"October 15, 2004",1 hrs. 44 min.,N/A,N/A,Nick Wechsler,"Robin Williams,James Caviezel"
249,Facing Windows,,Sony Classics,Foreign,R,"June 18, 2004",1 hrs. 46 min.,N/A,N/A,N/A,N/A
250,National Lampoon's Gold Diggers,"$527,000",P & A Releasing,Comedy,PG-13,"September 17, 2004",1 hrs. 27 min.,N/A,N/A,N/A,N/A
251,The Return,,Kino,Unknown,Unrated,"February 6, 2004",1 hrs. 45 min.,N/A,N/A,N/A,N/A
252,L'Incomparable Mademoiselle C.,,Christal Films,Unknown,Unrated,"April 23, 2004",1 hrs. 42 min.,N/A,N/A,N/A,N/A
253,Seducing Doctor Lewis,"$489,838Domestic Lifetime Gross $9,844,180",Wellspring,Foreign,Unrated,"June 16, 2004",1 hrs. 48 min.,N/A,N/A,N/A,N/A
254,Shaolin Soccer,"$489,600",Miramax,Foreign / Action,PG,"April 2, 2004",1 hrs. 26 min.,N/A,N/A,N/A,N/A
255,Strayed,"$482,757",Wellspring,Foreign,Unrated,"May 14, 2004",1 hrs. 35 min.,N/A,N/A,N/A,N/A
256,The Last Shot,"$464,275",Buena Vista,Comedy,R,"September 24, 2004",1 hrs. 33 min.,N/A,N/A,David Hoberman,"Matthew Broderick,Alec Baldwin,Toni Collette"
257,Outfoxed: Rupert Murdoch's War on Journalism,"$461,572",Cinema Libre Studio,Documentary,Unrated,"August 6, 2004",1 hrs. 17 min.,"$200,000",N/A,N/A,N/A
258,Callas Forever,"$446,955",Regent Releasing,Music Drama,PG-13,"November 5, 2004",1 hrs. 48 min.,N/A,N/A,N/A,N/A
259,Primer,"$424,760",ThinkFilm,Unknown,PG-13,"October 8, 2004",1 hrs. 17 min.,"$7,000",N/A,N/A,N/A
260,Broken Wings,,Sony Classics,Unknown,R,"March 12, 2004",1 hrs. 27 min.,N/A,N/A,N/A,N/A
261,In the Realms of the Unreal,"$417,120",Wellspring,Documentary,Unrated,"December 22, 2004",1 hrs. 21 min.,N/A,N/A,N/A,N/A
262,Godzilla (Original Japanese Version),"$412,520",Rialto,Foreign,Unrated,"May 7, 2004",1 hrs. 38 min.,N/A,N/A,N/A,N/A
263,Head in the Clouds,"$398,278",Sony Classics,Romance,R,"September 17, 2004",2 hrs. 12 min.,N/A,N/A,N/A,"Penelope Cruz,Charlize Theron"
264,"Still, We Believe: The Boston Red Sox Movie","$396,803",ThinkFilm,Documentary,PG,"May 7, 2004",1 hrs. 50 min.,N/A,N/A,N/A,N/A
265,End of the Century: The Story of the Ramones,"$391,950",Magnolia,Documentary,Unrated,"August 20, 2004",1 hrs. 50 min.,N/A,N/A,N/A,N/A
266,Short Cut to Nirvana: Kumbh Mela,"$381,225",Mela Films,Documentary,Unrated,"October 22, 2004",1 hrs. 25 min.,N/A,N/A,N/A,N/A
267,The Hunting of the President,,Regent Releasing,Documentary,Unrated,"June 18, 2004",1 hrs. 29 min.,N/A,N/A,N/A,N/A
268,Highwaymen,"$371,396",New Line,Unknown,R,"February 13, 2004",1 hrs. 21 min.,N/A,N/A,N/A,James Caviezel
269,The Brown Bunny,"$366,301",Wellspring,Drama,Unrated,"August 27, 2004",1 hrs. 32 min.,N/A,Vincent Gallo,Vincent Gallo,"Vincent Gallo,Chloe Sevigny"
270,She Hate Me,"$366,037",Sony Classics,Comedy / Drama,R,"July 28, 2004",2 hrs. 18 min.,N/A,Spike Lee,N/A,"Anthony Mackie,Woody Harrelson,Monica Bellucci"
271,Baadasssss!,"$365,727",Sony Classics,Unknown,R,"May 28, 2004",1 hrs. 48 min.,N/A,N/A,Michael Mann,Nia Long
272,I'll Sleep When I'm Dead,,Paramount Classics,Crime Drama,R,"June 16, 2004",1 hrs. 42 min.,N/A,N/A,N/A,"Clive Owen,Jonathan Rhys Meyers"
273,Enduring Love,"$358,362",Paramount Classics,Drama / Thriller,R,"October 29, 2004",1 hrs. 31 min.,N/A,N/A,N/A,"Daniel Craig,Rhys Ifans"
274,Broadway: The Golden Age,"$353,580",Dada Films,Documentary,Unrated,"June 11, 2004",1 hrs. 54 min.,N/A,N/A,N/A,N/A
275,Kitchen Stories,,IFC,Unknown,PG,"February 20, 2004",1 hrs. 32 min.,N/A,N/A,N/A,N/A
276,Since Otar Left,,Zeitgeist,Unknown,Unrated,"April 30, 2004",1 hrs. 42 min.,N/A,N/A,N/A,N/A
277,The United States of Leland,,Paramount Classics,Unknown,R,"April 2, 2004",1 hrs. 48 min.,N/A,N/A,Jonah Smith,"Don Cheadle,Ryan Gosling,Chris Klein,Jena Malone,Kevin Spacey,Michelle Williams,Martin Donovan"
278,Kyon? Ho Gaya Pyu,"$336,909",Eros,Foreign,Unrated,"August 13, 2004",N/A,N/A,N/A,N/A,N/A
279,Wooly Boys,,MAC Releasing,Unknown,PG,"January 23, 2004",1 hrs. 39 min.,N/A,N/A,N/A,N/A
280,Yuva,,Net Effect,Unknown,Unrated,"May 21, 2004",2 hrs. 40 min.,N/A,N/A,N/A,N/A
281,Zelary,"$330,033",Sony Classics,Foreign,R,"September 17, 2004",2 hrs. 28 min.,N/A,N/A,N/A,N/A
282,Ju-On: The Grudge,"$325,680",Vitagraph,Foreign / Horror,R,"July 23, 2004",1 hrs. 30 min.,N/A,N/A,N/A,N/A
283,Bukowski: Born Into This,,Magnolia,Documentary,R,"May 28, 2004",2 hrs. 10 min.,N/A,N/A,N/A,N/A
284,America's Heart and Soul,"$314,402",Buena Vista,Documentary,PG,"July 2, 2004",1 hrs. 28 min.,N/A,N/A,N/A,N/A
285,Tais-toi,,Christal Films,Unknown,Unrated,"March 26, 2004",1 hrs. 25 min.,N/A,N/A,N/A,N/A
286,Masti,,Eros,Unknown,Unrated,"April 9, 2004",2 hrs. 47 min.,N/A,N/A,N/A,N/A
287,Hair Show,,Innovation Film Group,Comedy,PG-13,"October 15, 2004",1 hrs. 44 min.,N/A,N/A,N/A,"Mo'Nique,Taraji P. Henson"
288,Silmido,,Cinema Service,Unknown,Unrated,"April 23, 2004",2 hrs. 14 min.,N/A,N/A,N/A,N/A
289,Mickey,"$294,758",Slugger Pictures,Unknown,PG,"April 30, 2004",1 hrs. 30 min.,$6 million,N/A,N/A,N/A
290,I Am David,"$288,552",Lions Gate,Period Drama,PG,"December 3, 2004",1 hrs. 35 min.,N/A,N/A,N/A,James Caviezel
291,Code 46,"$285,585",United Artists,Sci-Fi,R,"August 6, 2004",1 hrs. 32 min.,N/A,Michael Winterbottom,N/A,Tim Robbins
292,Valentin,"$275,968",Miramax,Foreign,PG-13,"May 7, 2004",1 hrs. 26 min.,N/A,N/A,N/A,N/A
293,This Old Cub,"$270,014",Emerging Pictures,Documentary,Unrated,"March 26, 2004",1 hrs. 31 min.,N/A,N/A,N/A,N/A
294,Mayor of the Sunset Strip,,First Look,Documentary,R,"March 26, 2004",1 hrs. 34 min.,N/A,George Hickenlooper,N/A,N/A
295,The Reckoning,"$257,252",Paramount Classics,Unknown,R,"March 5, 2004",1 hrs. 52 min.,N/A,N/A,N/A,"Willem Dafoe,Paul Bettany,Brian Cox,Tom Hardy"
296,Miaou!,,Christal Films,Unknown,Unrated,"February 25, 2004",N/A,N/A,N/A,N/A,N/A
297,Greendale,,Shakey,Unknown,Unrated,"February 27, 2004",1 hrs. 26 min.,N/A,N/A,N/A,N/A
298,The Yes Men,"$255,364",United Artists,Documentary,R,"September 24, 2004",1 hrs. 20 min.,N/A,N/A,N/A,N/A
299,Zatoichi (Canada),"$255,269Domestic Lifetime Gross $1,118,163",Seville,Foreign / Action,R,"June 11, 2004",1 hrs. 55 min.,N/A,N/A,N/A,N/A
300,Dhoom,,Yash Raj,Foreign,Unrated,"August 27, 2004",2 hrs. 3 min.,N/A,N/A,N/A,N/A
301,Uncovered: The War on Iraq,"$238,924",Cinema Libre Studio,Documentary,Unrated,"August 20, 2004",1 hrs. 23 min.,N/A,N/A,N/A,N/A
302,Wilbur Wants to Kill Himself,,ThinkFilm,Unknown,R,"March 12, 2004",1 hrs. 51 min.,$4 million,Lone Scherfig,N/A,N/A
303,Asa Nu Maan Watan,,Wild Rose,Unknown,Unrated,"May 14, 2004",2 hrs. 59 min.,N/A,N/A,N/A,N/A
304,Imaginary Heroes,"$228,767",Sony Classics,Drama,R,"December 17, 2004",1 hrs. 52 min.,N/A,Dan Harris,N/A,"Sigourney Weaver,Michelle Williams"
305,"Remember Me, My Love","$227,986",IDP,Foreign,R,"September 3, 2004",2 hrs. 5 min.,N/A,Gabriele Muccino,N/A,Monica Bellucci
306,Guiana 1838,"$227,241",RBC Radio,Period Drama,Unrated,"September 24, 2004",2 hrs. 0 min.,N/A,N/A,N/A,N/A
307,This So-Called Disaster,,IFC,Documentary,R,"April 21, 2004",1 hrs. 27 min.,N/A,N/A,N/A,N/A
308,The Agronomist,"$226,189",ThinkFilm,Documentary,PG-13,"April 23, 2004",1 hrs. 31 min.,N/A,Jonathan Demme,N/A,N/A
309,Carandiru,,Sony Classics,Unknown,R,"May 14, 2004",2 hrs. 26 min.,N/A,N/A,N/A,N/A
310,Moolaade,"$215,646",New Yorker,Foreign,Unrated,"October 15, 2004",2 hrs. 4 min.,N/A,N/A,N/A,N/A
311,The Delicate Art of Parking,,Cinema Libre,Comedy,Unrated,"April 2, 2004",1 hrs. 27 min.,"$944,149",N/A,N/A,N/A
312,The Home Teachers,"$203,917",Halestorm,Unknown,PG,"January 9, 2004",1 hrs. 21 min.,"$425,000",N/A,N/A,N/A
313,Lightning in a Bottle,"$201,711",Sony Classics,Concert,PG-13,"October 22, 2004",1 hrs. 43 min.,N/A,Antoine Fuqua,Martin Scorsese,N/A
314,The Snow Walker,,Lions Gate,Unknown,PG,"March 5, 2004",1 hrs. 49 min.,N/A,N/A,N/A,N/A
315,Imelda,,Unico Entertainment,Documentary,Unrated,"June 9, 2004",1 hrs. 43 min.,N/A,N/A,N/A,N/A
316,Around the Bend,"$193,637",Warner Independent,Drama,R,"October 8, 2004",1 hrs. 25 min.,N/A,Jordan Roberts,Bob Yari,"Michael Caine,Josh Lucas,Christopher Walken"
317,Testosterone,"$185,078",Strand,Comedy / Drama,R,"September 10, 2004",1 hrs. 45 min.,N/A,N/A,N/A,N/A
318,P.S.,"$180,503",Newmarket,Fantasy Comedy,R,"October 15, 2004",1 hrs. 37 min.,N/A,N/A,N/A,"Laura Linney,Topher Grace,Paul Rudd"
319,Bush's Brain,,Tartan,Documentary,PG-13,"August 20, 2004",1 hrs. 20 min.,N/A,N/A,N/A,N/A
320,Stateside,"$174,318",IDP,Drama,R,"May 21, 2004",1 hrs. 36 min.,N/A,N/A,N/A,Val Kilmer
321,Baptists at Our Barbecue,"$173,306",Halestorm,Comedy,PG,"October 8, 2004",1 hrs. 33 min.,N/A,N/A,N/A,N/A
322,Infernal Affairs,"$169,659",Miramax,Foreign,R,"September 24, 2004",1 hrs. 37 min.,N/A,N/A,N/A,N/A
323,The Five Obstructions,"$165,845",Koch Lorber Films,Unknown,Unrated,"May 26, 2004",1 hrs. 30 min.,N/A,N/A,N/A,N/A
324,A Love Song for Bobby Long,"$164,308",Lions Gate,Drama,R,"December 29, 2004",1 hrs. 59 min.,N/A,N/A,"Randall Emmett,George Furla,Bob Yari","John Travolta,Scarlett Johansson"
325,Danny Deckchair,"$160,276",Lions Gate,Romantic Comedy,PG-13,"August 11, 2004",1 hrs. 30 min.,N/A,N/A,N/A,Rhys Ifans
326,When Will I Be Loved,,IFC,Unknown,R,"September 10, 2004",1 hrs. 24 min.,N/A,N/A,N/A,Neve Campbell
327,Dans l'oeil du chat,,Alliance,Unknown,Unrated,"February 13, 2004",1 hrs. 34 min.,N/A,N/A,N/A,N/A
328,Les Rivieres Pourpres 2 (Crimson Rivers 2),,TVA,Unknown,R,"August 27, 2004",1 hrs. 39 min.,N/A,N/A,Luc Besson,N/A
329,Two Men Went to War,"$150,208Domestic Lifetime Gross $151,435",Indican,War,PG,"March 26, 2004",1 hrs. 49 min.,N/A,N/A,N/A,N/A
330,Crimson Gold,,Wellspring,Unknown,Unrated,"January 16, 2004",1 hrs. 37 min.,N/A,N/A,N/A,N/A
331,Days of Being Wild,,Kino,Foreign,Unrated,"November 19, 2004",1 hrs. 29 min.,N/A,Wong Kar Wai,N/A,N/A
332,Undertow,"$143,597",United Artists,Unknown,R,"October 22, 2004",1 hrs. 47 min.,N/A,David Gordon Green,N/A,"Jamie Bell,Josh Lucas,Kristen Stewart"
333,The Lost Skeleton of Cadavra,"$143,121",Sony Repertory,Unknown,PG,"February 6, 2004",1 hrs. 30 min.,"$40,000",N/A,N/A,N/A
334,Zhou Yu's Train,,Sony Classics,Foreign,PG-13,"July 16, 2004",1 hrs. 37 min.,N/A,N/A,N/A,N/A
335,Our Music (Notre Musique),"$139,922",Wellspring,Foreign,Unrated,"November 24, 2004",1 hrs. 20 min.,N/A,N/A,N/A,N/A
336,Stephen King's Riding the Bullet,"$134,711",Innovation Film Group,Horror,R,"October 15, 2004",1 hrs. 38 min.,N/A,N/A,N/A,Erika Christensen
337,Crying Ladies,"$132,920",Unitel Pictures,Unknown,Unrated,"February 20, 2004",1 hrs. 54 min.,N/A,N/A,N/A,N/A
338,Robot Stories,"$131,451",Pak Films / Shotwell Media,Unknown,Unrated,"February 13, 2004",1 hrs. 25 min.,N/A,N/A,N/A,N/A
339,Tokyo Godfathers,"$129,560",IDP,Animation,PG-13,"January 16, 2004",1 hrs. 32 min.,N/A,N/A,N/A,N/A
340,Malevolence,"$127,287",Painted Zebra Releasing,Horror,R,"September 10, 2004",1 hrs. 30 min.,"$200,000",N/A,N/A,N/A
341,DIG!,"$127,067",Palm,Documentary,R,"October 1, 2004",1 hrs. 49 min.,N/A,N/A,N/A,N/A
342,Fear and Trembling,"$126,684",Cinema Guild,Foreign,Unrated,"November 19, 2004",1 hrs. 47 min.,N/A,N/A,N/A,N/A
343,Howard Zinn: You Can't Be Neutral on a Moving Train,,First Run,Documentary,Unrated,"June 18, 2004",1 hrs. 18 min.,N/A,N/A,N/A,N/A
344,"Love, Sex and Eating the Bones",,ThinkFilm,Unknown,R,"March 5, 2004",1 hrs. 40 min.,N/A,N/A,N/A,N/A
345,Games People Play: New York,"$113,622",Artistic License,Unknown,Unrated,"March 12, 2004",1 hrs. 37 min.,N/A,N/A,N/A,N/A
346,Deewaar,,Eros,Foreign,Unrated,"June 25, 2004",3 hrs. 0 min.,N/A,N/A,N/A,N/A
347,Word Wars,,7th Art,Documentary,Unrated,"May 28, 2004",1 hrs. 16 min.,N/A,N/A,N/A,N/A
348,In the Face of Evil: Reagan's War in Word and Deed,,Non-Fiction Films,Documentary,PG-13,"October 1, 2004",1 hrs. 47 min.,N/A,N/A,N/A,N/A
349,Face,"$108,151",Indican,Drama,R,"October 15, 2004",1 hrs. 29 min.,N/A,N/A,N/A,N/A
350,Bonjour M. Shlomi,"$107,585",Strand,Foreign,Unrated,"July 2, 2004",1 hrs. 34 min.,N/A,N/A,N/A,N/A
351,A Slipping Down Life,"$107,099",Lions Gate,Unknown,R,"May 14, 2004",1 hrs. 51 min.,N/A,N/A,N/A,Guy Pearce
352,Carlos Castaneda: Enigma of a Sorcerer,"$107,040",Indican,Documentary,Unrated,"March 5, 2004",1 hrs. 30 min.,N/A,N/A,N/A,N/A
353,Almost Peaceful,,Empire,Foreign,Unrated,"August 20, 2004",1 hrs. 34 min.,N/A,N/A,N/A,N/A
354,Secret Things,,First Run,Unknown,Unrated,"January 2, 2004",1 hrs. 55 min.,N/A,N/A,N/A,N/A
355,Guerrilla: The Taking of Patty Hearst,"$105,054",Magnolia,Documentary,Unrated,"November 26, 2004",1 hrs. 29 min.,N/A,N/A,N/A,N/A
356,Bear Cub,"$100,133",TLA Releasing,Foreign,R,"November 5, 2004",1 hrs. 32 min.,N/A,N/A,N/A,N/A
357,Yves St. Laurent,,Empire,Documentary,Unrated,"January 7, 2004",N/A,N/A,N/A,N/A,N/A
358,Fida,"$98,297",Rainbow Films,Foreign,Unrated,"August 20, 2004",3 hrs. 0 min.,N/A,N/A,N/A,N/A
359,Aileen: The Life and Death of a Serial Killer,"$97,362",Lantern Lane,Documentary,R,"January 9, 2004",1 hrs. 29 min.,N/A,N/A,N/A,N/A
360,Distant,"$96,293",New Yorker,Foreign,Unrated,"March 12, 2004",1 hrs. 50 min.,N/A,N/A,N/A,N/A
361,Flavors,"$93,370",Net Effect,Comedy,Unrated,"July 16, 2004",1 hrs. 58 min.,N/A,N/A,N/A,N/A
362,Celsius 41.11: The Truth Behind the Lies of Fahrenheit 9/11,,Citizens United,Documentary,R,"October 22, 2004",1 hrs. 30 min.,N/A,N/A,N/A,N/A
363,Aitraaz,,Zee TV,Foreign,Unrated,"November 12, 2004",N/A,N/A,N/A,N/A,N/A
364,Phir Milenge,,UTV Communications,Unknown,Unrated,"August 27, 2004",2 hrs. 40 min.,N/A,N/A,N/A,N/A
365,Seeing Other People,,Lantern Lane,Unknown,R,"May 7, 2004",1 hrs. 30 min.,N/A,N/A,Gavin Polone,Bryan Cranston
366,Ned Kelly,,Focus Features,Unknown,R,"March 26, 2004",1 hrs. 50 min.,N/A,N/A,"Tim Bevan,Eric Fellner","Heath Ledger,Orlando Bloom,Geoffrey Rush,Naomi Watts"
367,Decoys,,Lions Gate,Unknown,R,"February 27, 2004",1 hrs. 35 min.,N/A,N/A,N/A,N/A
368,Dev,,Eros,Foreign,Unrated,"June 11, 2004",2 hrs. 52 min.,N/A,N/A,N/A,N/A
369,Warriors of Heaven and Earth,"$82,936",Sony Classics,Foreign / Action,R,"September 3, 2004",1 hrs. 59 min.,N/A,N/A,N/A,N/A
370,,,,,,,,,N/A,N/A,N/A
371,Brother to Brother,"$80,906",Wolfe Releasing,Drama,Unrated,"November 5, 2004",1 hrs. 30 min.,N/A,N/A,N/A,Anthony Mackie
372,Ginger Snaps II: Unleashed,,Seville,Unknown,R,"January 30, 2004",1 hrs. 34 min.,$3.5 million,N/A,N/A,N/A
373,Jack Paradise,"$79,974",K Film,Unknown,Unrated,"February 20, 2004",N/A,N/A,N/A,N/A,N/A
374,Effroyables jardins,,Cristal,Unknown,Unrated,"February 20, 2004",1 hrs. 37 min.,N/A,N/A,N/A,N/A
375,Bright Leaves,"$77,888",First Run,Documentary,Unrated,"August 25, 2004",1 hrs. 45 min.,N/A,N/A,N/A,N/A
376,Eulogy,"$75,076",Lions Gate,Comedy,R,"October 15, 2004",1 hrs. 25 min.,N/A,N/A,N/A,"Zooey Deschanel,Famke Janssen"
377,Sky Blue,"$74,663",Maxmedia/Endgame Pictures,Animation,Unrated,"December 31, 2004",1 hrs. 26 min.,N/A,N/A,N/A,N/A
378,Reconstruction,"$73,516",Palm,Unknown,PG-13,"September 10, 2004",1 hrs. 31 min.,N/A,N/A,N/A,N/A
379,A Tale of Two Sisters,"$72,541",Tartan,Foreign / Horror,R,"December 3, 2004",1 hrs. 55 min.,N/A,Jee-woon Kim,N/A,N/A
380,The Seagull's Laughter,"$72,527",Cinema Guild,Foreign,Unrated,"February 13, 2004",1 hrs. 42 min.,N/A,N/A,N/A,N/A
381,Hollywood Buddha,,Northern Arts,Unknown,Unrated,"September 24, 2004",1 hrs. 39 min.,N/A,N/A,N/A,N/A
382,The Inheritance,"$68,215",Cinema Guild,Foreign,Unrated,"July 9, 2004",1 hrs. 55 min.,N/A,N/A,N/A,N/A
383,Beyond the Gates (2004),,Every Tribe,Documentary,PG-13,"November 5, 2004",1 hrs. 52 min.,N/A,N/A,N/A,N/A
384,Vodka Lemon,"$66,361",New Yorker,Foreign,Unrated,"October 8, 2004",1 hrs. 30 min.,N/A,N/A,N/A,N/A
385,On the Run: Trilogy 1,"$65,172",Magnolia,Foreign,R,"January 30, 2004",1 hrs. 57 min.,N/A,N/A,N/A,N/A
386,James' Journey to Jerusalem,,Zeitgeist,Unknown,Unrated,"March 5, 2004",1 hrs. 27 min.,N/A,N/A,N/A,N/A
387,Her Majesty,"$63,652",Panorama,Unknown,PG,"April 30, 2004",1 hrs. 40 min.,N/A,N/A,N/A,N/A
388,Untold Scandal,"$63,332",Kino,Foreign,Unrated,"October 13, 2004",2 hrs. 4 min.,N/A,N/A,N/A,N/A
389,The Mudge Boy,,Strand,Unknown,R,"May 7, 2004",1 hrs. 34 min.,"$800,000",N/A,N/A,N/A
390,Proteus,"$62,031",Strand,Foreign,Unrated,"July 30, 2004",1 hrs. 37 min.,N/A,N/A,N/A,N/A
391,Time of the Wolf,"$61,439",Palm,Drama,R,"June 25, 2004",1 hrs. 53 min.,N/A,Michael Haneke,N/A,N/A
392,You I Love,"$60,815",Picture This!,Foreign,Unrated,"November 19, 2004",1 hrs. 23 min.,N/A,N/A,N/A,N/A
393,The Bulgarian Lovers,,TLA Releasing,Unknown,R,"April 30, 2004",1 hrs. 41 min.,N/A,N/A,N/A,N/A
394,Noi,,Palm,Unknown,PG-13,"March 19, 2004",1 hrs. 33 min.,N/A,N/A,N/A,N/A
395,Gozu,"$58,202",Pathfinder,Foreign,R,"July 30, 2004",2 hrs. 5 min.,N/A,N/A,N/A,N/A
396,Voices of Iraq,"$57,999",Magnolia,Documentary,Unrated,"October 29, 2004",1 hrs. 20 min.,N/A,N/A,N/A,N/A
397,Divan,,Zeitgeist,Documentary,Unrated,"March 17, 2004",1 hrs. 17 min.,N/A,N/A,N/A,N/A
398,The Tracker,"$55,188",Artmattan Prods.,Period Drama,Unrated,"January 16, 2004",1 hrs. 30 min.,N/A,N/A,N/A,N/A
399,Grand Champion,,Innovation Film Group,Unknown,G,"August 27, 2004",1 hrs. 34 min.,N/A,N/A,N/A,N/A
